FOV,by,detector,color,index,label,y,x
2,detector,spectral,blue,0,7.0,34.76767252604215,70.57348324011787
2,detector,spectral,blue,1,15.0,81.31957813856451,42.50993212624997
2,detector,spectral,blue,2,16.0,88.04434565013314,49.49089464071972
2,detector,spectral,blue,3,10.0,63.70204335149364,87.96006650859223
2,detector,spectral,blue,4,14.0,74.37771723440066,86.69264351429894
2,detector,spectral,blue,5,17.0,90.91499443487098,91.11349451763488
2,detector,spectral,blue,6,20.0,99.36699585154231,94.30270441209758
2,detector,spectral,blue,7,19.0,98.71700961973784,157.28320669229737
2,detector,spectral,blue,8,4.0,15.308808844772924,265.0674658593702
2,detector,spectral,blue,9,6.0,23.76468841070892,352.63701446672616
2,detector,spectral,blue,10,8.0,35.68350356945769,415.5304735912042
2,detector,spectral,blue,11,5.0,18.737167729661103,428.7215010862405
2,detector,spectral,blue,12,9.0,60.70604235447289,266.3779180320236
2,detector,spectral,blue,13,11.0,64.37535024748345,268.68810110428404
2,detector,spectral,blue,14,12.0,68.1577756006416,269.8737448159738
2,detector,spectral,blue,15,13.0,73.02119598645154,309.0760380547137
2,detector,spectral,blue,16,18.0,96.81608862991004,387.7862605789381
2,detector,spectral,blue,17,21.0,115.85658749634324,322.47374651142013
2,detector,spectral,blue,18,22.0,130.77296761721564,259.4267270113272
2,detector,spectral,blue,19,23.0,149.83324333133845,296.8774056161656
2,detector,spectral,blue,20,24.0,167.74389703722397,385.4007047613266
2,detector,spectral,blue,21,25.0,174.54891543240177,476.1043171802684
2,detector,spectral,blue,22,27.0,183.80317601507332,480.8610818475058
2,detector,spectral,blue,23,26.0,185.6140379434081,51.635550791466834
2,detector,spectral,blue,24,28.0,192.02915796103045,29.49376087716969
2,detector,spectral,blue,25,32.0,226.2292754068468,50.71851298563085
2,detector,spectral,blue,26,31.0,221.79591267926585,94.71015807773594
2,detector,spectral,blue,27,30.0,209.94446677032445,206.477563061013
2,detector,spectral,blue,28,29.0,205.15851265012856,268.85035597980374
2,detector,spectral,blue,29,34.0,266.1589231172085,52.88555666111422
2,detector,spectral,blue,30,36.0,316.03186323945937,63.52765925707867
2,detector,spectral,blue,31,37.0,319.09091856717936,97.144397271133
2,detector,spectral,blue,32,38.0,326.79373570886946,99.18482101820896
2,detector,spectral,blue,33,41.0,350.328879156457,261.16656851367105
2,detector,spectral,blue,34,39.0,328.0,462.5173550488404
2,detector,spectral,blue,35,40.0,345.48492478190394,505.9342599862413
2,detector,spectral,blue,36,42.0,380.8889316254642,119.40670014106058
2,detector,spectral,blue,37,43.0,396.3445062879107,121.04525901826848
2,detector,spectral,blue,38,44.0,440.1458913466049,133.8596990252184
2,detector,spectral,blue,39,46.0,459.1177602230161,118.91428458722513
2,detector,spectral,blue,40,48.0,467.1788558583682,124.40466231002236
2,detector,spectral,blue,41,45.0,455.3610058999644,337.9920007009846
2,detector,spectral,blue,42,47.0,462.90445672271136,339.30570231597045
2,detector,spectral,blue,43,49.0,469.30326876837137,340.956605853182
2,detector,spectral,blue,44,50.0,486.4525303244461,404.0
2,detector,spectral,green,0,6.0,33.053692395362056,65.85052023169473
2,detector,spectral,green,1,14.0,78.74242236685086,37.357098845604725
2,detector,spectral,green,2,15.0,85.51046186291187,45.00064237753334
2,detector,spectral,green,3,9.0,60.50808668698286,83.36263843457479
2,detector,spectral,green,4,13.0,72.07140548274775,82.40069610939663
2,detector,spectral,green,5,16.0,88.65284405285185,86.54836846120642
2,detector,spectral,green,6,19.0,96.95977762666044,90.01530997244173
2,detector,spectral,green,7,18.0,96.16565260284142,153.332987377291
2,detector,spectral,green,8,3.0,13.046218624618325,261.77602776759085
2,detector,spectral,green,9,5.0,22.064367210055934,349.26680013780094
2,detector,spectral,green,10,7.0,33.24048174692815,412.4314283512725
2,detector,spectral,green,11,4.0,15.849892826785016,425.1529991456926
2,detector,spectral,green,12,8.0,57.81458862839887,262.856955822912
2,detector,spectral,green,13,10.0,61.34825267158644,265.458450290312
2,detector,spectral,green,14,11.0,65.18870842917612,266.9028320528704
2,detector,spectral,green,15,12.0,70.79958530688133,306.24346746944985
2,detector,spectral,green,16,17.0,94.4081605937987,385.0012400054789
2,detector,spectral,green,17,20.0,113.05843805858808,319.54663202149663
2,detector,spectral,green,18,21.0,127.93213046469327,256.02429952732786
2,detector,spectral,green,19,22.0,147.50315777280568,292.9162603111684
2,detector,spectral,green,20,23.0,165.1513319053769,382.5404973946709
2,detector,spectral,green,21,24.0,171.77055940828518,472.8454131415048
2,detector,spectral,green,22,25.0,180.5517515028648,477.6787578603245
2,detector,spectral,green,23,26.0,182.8409079912532,46.798578628688695
2,detector,spectral,green,24,27.0,189.748260601279,24.892155286938877
2,detector,spectral,green,25,31.0,223.48116047603045,45.70528600637419
2,detector,spectral,green,26,30.0,218.7154025850344,89.90428048410446
2,detector,spectral,green,27,29.0,206.9731743422027,202.97914265905243
2,detector,spectral,green,28,28.0,202.1815926496908,266.02142996683244
2,detector,spectral,green,29,33.0,262.7488138561545,48.048864697202
2,detector,spectral,green,30,34.0,313.1948289900011,58.85197789885644
2,detector,spectral,green,31,35.0,316.165199399699,93.27550081931936
2,detector,spectral,green,32,36.0,322.84088934450466,95.05679768736938
2,detector,spectral,green,33,39.0,347.257379579861,257.61535768754334
2,detector,spectral,green,34,37.0,324.97164530054545,458.9034917414498
2,detector,spectral,green,35,38.0,342.7287665707305,502.4793272907613
2,detector,spectral,green,36,40.0,377.6020154638741,115.3476762962256
2,detector,spectral,green,37,41.0,393.3099671062213,117.02242221876556
2,detector,spectral,green,38,42.0,436.9875721317002,130.03874138042272
2,detector,spectral,green,39,44.0,455.6972347623613,114.72301425417446
2,detector,spectral,green,40,46.0,463.8612530151621,120.66741860134744
2,detector,spectral,green,41,43.0,451.90326459308807,334.9081569994749
2,detector,spectral,green,42,45.0,460.426961460906,336.06463954766855
2,detector,spectral,green,43,47.0,465.87203046440015,337.5934985714458
2,detector,spectral,green,44,48.0,483.0034075978244,400.7392980408611
2,detector,spectral,yellow,0,6.0,29.99625923751541,72.24711720902516
2,detector,spectral,yellow,1,14.0,75.88763868611662,43.67526539177092
2,detector,spectral,yellow,2,15.0,82.4183150533179,51.24239808493101
2,detector,spectral,yellow,3,9.0,57.709136893444345,89.73049256286453
2,detector,spectral,yellow,4,13.0,68.93497626278302,88.552318776289
2,detector,spectral,yellow,5,16.0,85.61424225187106,92.6646203578708
2,detector,spectral,yellow,6,19.0,94.12468071210488,96.3677114058467
2,detector,spectral,yellow,7,18.0,93.22525248646052,159.72667350723506
2,detector,spectral,yellow,8,3.0,9.919216062638586,267.94785338968467
2,detector,spectral,yellow,9,5.0,18.92704904083293,355.43708606528514
2,detector,spectral,yellow,10,7.0,30.278708234083272,418.6106145895791
2,detector,spectral,yellow,11,4.0,12.941907026373906,431.3868752780412
2,detector,spectral,yellow,12,8.0,55.044716854154814,268.90729756780735
2,detector,spectral,yellow,13,10.0,58.82876140070079,271.6693131345838
2,detector,spectral,yellow,14,11.0,62.649816272995935,273.1660231031158
2,detector,spectral,yellow,15,12.0,67.68817024754175,312.0512851408248
2,detector,spectral,yellow,16,17.0,91.25913170190746,391.1359723236933
2,detector,spectral,yellow,17,20.0,109.9290575288868,325.43604884234674
2,detector,spectral,yellow,18,21.0,124.8702006928216,262.5117165260833
2,detector,spectral,yellow,19,22.0,144.99676479502455,299.2872530847765
2,detector,spectral,yellow,20,23.0,162.19998131919553,388.5716018965394
2,detector,spectral,yellow,21,24.0,169.02388684224135,479.00652457197447
2,detector,spectral,yellow,22,26.0,177.74633824583424,484.0532793561946
2,detector,spectral,yellow,23,25.0,179.87653138908462,52.86031868739499
2,detector,spectral,yellow,24,27.0,186.72005983203124,30.88906806863905
2,detector,spectral,yellow,25,31.0,220.61192792350943,51.81568077287442
2,detector,spectral,yellow,26,30.0,215.9783934090197,96.06467890522848
2,detector,spectral,yellow,27,29.0,203.94975266976084,209.2471398224826
2,detector,spectral,yellow,28,28.0,199.12801026030476,272.3133958399334
2,detector,spectral,yellow,29,33.0,259.75868729615104,54.35472650480822
2,detector,spectral,yellow,30,36.0,310.3251520623298,64.952699199272
2,detector,spectral,yellow,31,37.0,313.3280615833185,99.30164028438018
2,detector,spectral,yellow,32,38.0,320.0090939479168,101.07756129069276
2,detector,spectral,yellow,33,41.0,344.4538349986341,263.8482308658127
2,detector,spectral,yellow,34,39.0,322.4839434853133,465.4515154181798
2,detector,spectral,yellow,35,40.0,340.031158743687,508.8953853870663
2,detector,spectral,yellow,36,42.0,374.7049280147263,121.44546041367444
2,detector,spectral,yellow,37,43.0,390.6106427470101,123.22894107114054
2,detector,spectral,yellow,38,44.0,434.1550828863751,136.22266502240592
2,detector,spectral,yellow,39,46.0,452.811614367163,120.79532366966488
2,detector,spectral,yellow,40,48.0,461.10487765592165,126.80383752850032
2,detector,spectral,yellow,41,45.0,449.2456476315412,341.0821792194079
2,detector,spectral,yellow,42,47.0,457.6695020110012,342.5882447760128
2,detector,spectral,yellow,43,49.0,463.00165278626,343.54260899829063
2,detector,spectral,yellow,44,50.0,480.6906472068288,406.97761330596256
2,detector,spectral,red,0,7.0,36.84214110868757,65.41066051492433
2,detector,spectral,red,1,15.0,82.48724982220466,37.18554454995619
2,detector,spectral,red,2,16.0,89.541450786334,44.45748435110016
2,detector,spectral,red,3,10.0,64.47636429050577,82.58312097900003
2,detector,spectral,red,4,14.0,75.69206289602597,81.41900034003923
2,detector,spectral,red,5,17.0,92.37702620066504,85.56313295682496
2,detector,spectral,red,6,20.0,101.03436093277848,88.96234344897358
2,detector,spectral,red,7,19.0,100.00805641489124,151.73788745159882
2,detector,spectral,red,8,4.0,16.82250405940219,259.81247206513547
2,detector,spectral,red,9,6.0,25.93563863231149,347.0032217222397
2,detector,spectral,red,10,8.0,37.087077014786026,409.99955918337287
2,detector,spectral,red,11,5.0,19.604768443200705,423.2721332141291
2,detector,spectral,red,12,9.0,61.68009603522206,260.67145802034577
2,detector,spectral,red,13,11.0,65.40123997173299,263.2476385569329
2,detector,spectral,red,14,12.0,68.97341777337536,264.9519920062856
2,detector,spectral,red,15,13.0,74.30510289683758,303.6818521725328
2,detector,spectral,red,16,18.0,98.3441458658194,383.0122031939655
2,detector,spectral,red,17,21.0,116.88789463546374,317.4639898296594
2,detector,spectral,red,18,22.0,132.03752674344554,254.2187082400692
2,detector,spectral,red,19,23.0,151.18072898108056,291.0063586651454
2,detector,spectral,red,20,24.0,169.1233756122883,380.1506759317792
2,detector,spectral,red,21,25.0,175.76178422384024,470.51955842652495
2,detector,spectral,red,22,26.0,184.57505276678904,475.4393957831877
2,detector,spectral,red,23,27.0,186.87615099886816,46.33454283988526
2,detector,spectral,red,24,28.0,193.77060285412904,24.572343981686465
2,detector,spectral,red,25,32.0,227.6270976176754,45.413137145745445
2,detector,spectral,red,26,31.0,222.68113041566463,88.96042892894795
2,detector,spectral,red,27,30.0,210.8409900828147,201.11941436548548
2,detector,spectral,red,28,29.0,205.9610742310576,263.9964701770374
2,detector,spectral,red,29,34.0,266.7891916561172,47.49863065433163
2,detector,spectral,red,30,35.0,317.6178103766335,58.300315488765705
2,detector,spectral,red,31,36.0,320.3938406023764,92.08132555307252
2,detector,spectral,red,32,37.0,327.014519289555,93.9736836714925
2,detector,spectral,red,33,40.0,351.7674426862037,255.66512489372096
2,detector,spectral,red,34,38.0,328.97324119591457,456.5123480631144
2,detector,spectral,red,35,39.0,346.9553920395504,500.4820755684783
2,detector,spectral,red,36,41.0,381.5785491848566,113.943077562273
2,detector,spectral,red,37,42.0,397.346456292345,115.61096102687468
2,detector,spectral,red,38,43.0,441.06839880628434,128.80828146244832
2,detector,spectral,red,39,45.0,459.7649408357352,113.41579976540172
2,detector,spectral,red,40,47.0,467.8395582911159,119.56819331899104
2,detector,spectral,red,41,44.0,455.92488130238246,332.9460722022292
2,detector,spectral,red,42,46.0,463.90777643907336,334.3036183755769
2,detector,spectral,red,43,48.0,469.9438500695693,335.45851744111485
2,detector,spectral,red,44,49.0,487.17170648146094,398.6452851838045
2,detector,camera,DAPI,0,29.0,301.1897361680962,297.9154651250257
2,detector,camera,DAPI,1,39.0,347.28485706754384,271.0254514095169
2,detector,camera,DAPI,2,40.0,353.5027016720905,279.00443524145265
2,detector,camera,DAPI,3,36.0,327.49986293796775,316.4778162548512
2,detector,camera,DAPI,4,37.0,338.4252491864612,315.8018947586657
2,detector,camera,DAPI,5,41.0,354.57285385128466,320.889369454184
2,detector,camera,DAPI,6,43.0,362.8000464565568,324.6101160281521
2,detector,camera,DAPI,7,42.0,359.4709542541396,387.5144004983814
2,detector,camera,DAPI,8,25.0,272.7031391704349,493.0137910049661
2,detector,camera,DAPI,9,26.0,277.50248552217727,581.5189586077645
2,detector,camera,DAPI,10,28.0,285.84757495735545,645.8322686344451
2,detector,camera,DAPI,11,23.0,268.0137685330712,657.9843146592443
2,detector,camera,DAPI,12,32.0,316.51660390904965,495.52918800507297
2,detector,camera,DAPI,13,33.0,319.69249545522644,498.6591177115623
2,detector,camera,DAPI,14,34.0,323.5091072489402,500.4741924762931
2,detector,camera,DAPI,15,35.0,327.0363596325948,540.0140801527498
2,detector,camera,DAPI,16,38.0,346.6718476908867,620.8972625676985
2,detector,camera,DAPI,17,44.0,368.2634102340892,555.339763762119
2,detector,camera,DAPI,18,45.0,385.5074836489148,492.033255901062
2,detector,camera,DAPI,19,46.0,403.0003941388627,530.2813245642355
2,detector,camera,DAPI,20,47.0,416.5117135875692,621.1792663976232
2,detector,camera,DAPI,21,48.0,418.98424983432136,712.5058797523361
2,detector,camera,DAPI,22,49.0,427.2314154878362,717.6074022154601
2,detector,camera,DAPI,23,51.0,449.1373387352103,285.09688052467385
2,detector,camera,DAPI,24,52.0,456.6192892296228,263.2107721480166
2,detector,camera,DAPI,25,56.0,488.7225552682416,285.73954108038026
2,detector,camera,DAPI,26,55.0,482.314039858511,329.6582376323407
2,detector,camera,DAPI,27,54.0,465.50082034983154,442.0171147449796
2,detector,camera,DAPI,28,53.0,457.9956049227544,505.2997234858341
2,detector,camera,DAPI,29,58.0,527.1745441332172,289.81665040467027
2,detector,camera,DAPI,30,60.0,576.4987853417676,302.7865714612305
2,detector,camera,DAPI,31,61.0,577.7206664029941,337.0238800403633
2,detector,camera,DAPI,32,62.0,584.2708276627536,339.01954644612374
2,detector,camera,DAPI,33,64.0,600.7228724214356,502.97693384230087
2,detector,camera,DAPI,34,59.0,569.820849950117,705.1729625237404
2,detector,camera,DAPI,35,63.0,585.0076876230652,749.9961622312579
2,detector,camera,DAPI,36,65.0,637.0056569143801,361.686440743656
2,detector,camera,DAPI,37,67.0,652.0084862150127,364.2727618681275
2,detector,camera,DAPI,38,71.0,694.5067463627446,379.03453847331406
2,detector,camera,DAPI,39,76.0,713.2010718301003,364.80169771578505
2,detector,camera,DAPI,40,79.0,721.0202934007738,371.1682272225546
2,detector,camera,DAPI,41,72.0,699.593439644998,585.7729490867188
2,detector,camera,DAPI,42,75.0,707.972586008614,587.5056669427381
2,detector,camera,DAPI,43,77.0,713.3958933595572,588.7864432090288
2,detector,camera,DAPI,44,80.0,727.5077156648944,653.5015192431993
2,detector,camera,FITC,0,28.0,301.0061970093057,296.74863612115325
2,detector,camera,FITC,1,38.0,347.04463285588173,270.17169213271444
2,detector,camera,FITC,2,39.0,353.5006765296748,277.9826842229755
2,detector,camera,FITC,3,35.0,327.48021837548345,315.4979225725544
2,detector,camera,FITC,4,36.0,338.3383044049834,314.96305978345896
2,detector,camera,FITC,5,40.0,354.6372380248723,319.89283223011154
2,detector,camera,FITC,6,42.0,363.0,323.4993028768522
2,detector,camera,FITC,7,41.0,359.3065829028709,386.6750249349172
2,detector,camera,FITC,8,24.0,272.6926905869641,492.0493387525601
2,detector,camera,FITC,9,25.0,277.4991379303917,580.5410812361791
2,detector,camera,FITC,10,27.0,285.7248072176789,644.9862084024853
2,detector,camera,FITC,11,22.0,267.9999733138111,657.2548163027799
2,detector,camera,FITC,12,31.0,316.50842913401226,494.9720167125375
2,detector,camera,FITC,13,32.0,319.69910269458745,497.6695856434612
2,detector,camera,FITC,14,33.0,323.5147101497552,499.4780184963449
2,detector,camera,FITC,15,34.0,327.2686011597714,539.0085628171933
2,detector,camera,FITC,16,37.0,346.5750638187794,619.9966513291353
2,detector,camera,FITC,17,43.0,368.2034167018064,554.5682631736186
2,detector,camera,FITC,18,44.0,385.5003163890036,491.07475363330025
2,detector,camera,FITC,19,45.0,403.01558353565247,529.4708106090962
2,detector,camera,FITC,20,46.0,416.3913082488543,620.3600671806785
2,detector,camera,FITC,21,47.0,418.9856294338727,711.7254376431331
2,detector,camera,FITC,22,49.0,427.5015105483164,717.0132897205973
2,detector,camera,FITC,23,51.0,449.12912203676456,283.9869394991754
2,detector,camera,FITC,24,52.0,456.6063375607175,262.2053470401107
2,detector,camera,FITC,25,56.0,488.6252336094138,284.5442564469671
2,detector,camera,FITC,26,55.0,482.0353960186919,328.50336035093034
2,detector,camera,FITC,27,54.0,465.6780576062336,441.0318491036553
2,detector,camera,FITC,28,53.0,457.6945259063806,504.3272422592279
2,detector,camera,FITC,29,58.0,527.0270476439287,288.5297643564169
2,detector,camera,FITC,30,61.0,576.4661333599572,301.7533697405359
2,detector,camera,FITC,31,62.0,577.7280932538439,336.0384635040794
2,detector,camera,FITC,32,63.0,584.11917691349,338.15366513121063
2,detector,camera,FITC,33,65.0,600.9908319212299,502.0214592718087
2,detector,camera,FITC,34,60.0,569.6855649751458,704.3227909393945
2,detector,camera,FITC,35,64.0,585.009661678457,749.2412806014493
2,detector,camera,FITC,36,66.0,637.0439954537035,360.7255509168125
2,detector,camera,FITC,37,68.0,652.1596934330341,363.1658245367278
2,detector,camera,FITC,38,72.0,694.5072680859187,378.0543110125309
2,detector,camera,FITC,39,77.0,713.1692045729765,363.8356415327029
2,detector,camera,FITC,40,80.0,721.1659824722346,370.01936380939657
2,detector,camera,FITC,41,73.0,699.5138102611085,584.5367178948165
2,detector,camera,FITC,42,76.0,707.5397044361428,586.5265100855671
2,detector,camera,FITC,43,79.0,713.2548194026601,587.9977415368409
2,detector,camera,FITC,44,81.0,728.0,653.0
2,detector,camera,YFP,0,28.0,300.5829114496313,296.64888068535265
2,detector,camera,YFP,1,37.0,346.65578741182736,270.05625648776714
2,detector,camera,YFP,2,39.0,353.0017285873814,277.936129941169
2,detector,camera,YFP,3,34.0,326.96495470113814,315.3189843683302
2,detector,camera,YFP,4,36.0,338.1025651222615,314.82913156103604
2,detector,camera,YFP,5,40.0,354.03348208470175,319.5441809087773
2,detector,camera,YFP,6,42.0,362.4837586070693,323.48916166874284
2,detector,camera,YFP,7,41.0,358.5235636289676,386.51604303758194
2,detector,camera,YFP,8,24.0,272.03052976520024,492.0180611301319
2,detector,camera,YFP,9,25.0,277.00055071680066,580.5273672261468
2,detector,camera,YFP,10,27.0,285.1571891766016,644.857001782562
2,detector,camera,YFP,11,22.0,267.49718574131447,656.9965567659564
2,detector,camera,YFP,12,31.0,316.0371856587418,494.7237726096717
2,detector,camera,YFP,13,32.0,319.2459897809307,497.5988836427701
2,detector,camera,YFP,14,33.0,323.18708051345425,499.3834847823783
2,detector,camera,YFP,15,35.0,326.7139469471468,538.9798914593006
2,detector,camera,YFP,16,38.0,346.2608474243036,619.8075026904096
2,detector,camera,YFP,17,43.0,367.6184371626375,554.4089262068993
2,detector,camera,YFP,18,44.0,384.9875755778802,491.2657112897783
2,detector,camera,YFP,19,45.0,402.5328971786399,529.0747646648567
2,detector,camera,YFP,20,46.0,415.8373349420097,620.0538777569843
2,detector,camera,YFP,21,47.0,418.48277997549775,711.5253531646644
2,detector,camera,YFP,22,49.0,426.99379239456,716.9811920400626
2,detector,camera,YFP,23,51.0,448.5200763747943,283.85224985121823
2,detector,camera,YFP,24,52.0,456.2709686072639,262.00189671555955
2,detector,camera,YFP,25,56.0,488.4089681016031,284.4480721315595
2,detector,camera,YFP,26,55.0,481.7281472208893,328.4259526255598
2,detector,camera,YFP,27,54.0,465.0174085084752,441.00347100536993
2,detector,camera,YFP,28,53.0,457.4844945632964,504.458054957138
2,detector,camera,YFP,29,58.0,526.6761699816293,288.9025101105845
2,detector,camera,YFP,30,61.0,575.7201488142651,301.7214889754043
2,detector,camera,YFP,31,62.0,577.3030431568006,336.0029842339519
2,detector,camera,YFP,32,63.0,583.6910244245324,338.0356891016843
2,detector,camera,YFP,33,65.0,600.4963545725778,501.9988559556597
2,detector,camera,YFP,34,60.0,569.3308401955035,704.3059581627685
2,detector,camera,YFP,35,64.0,584.5070769947264,749.0032085551028
2,detector,camera,YFP,36,66.0,636.6044437222247,360.82112728762297
2,detector,camera,YFP,37,68.0,651.7013615709295,363.01389817888986
2,detector,camera,YFP,38,72.0,693.9974958429536,378.2572190948897
2,detector,camera,YFP,39,77.0,712.9466396343513,363.6628562448209
2,detector,camera,YFP,40,80.0,720.79462710153,369.9763543728751
2,detector,camera,YFP,41,73.0,699.4623714681874,584.5306255839967
2,detector,camera,YFP,42,76.0,707.4905466839809,586.5113773864618
2,detector,camera,YFP,43,78.0,712.7923608336127,587.6114745273676
2,detector,camera,YFP,44,81.0,727.0,652.49928875477
2,detector,camera,TRITC,0,28.0,300.0890413514934,297.8890155250579
2,detector,camera,TRITC,1,37.0,346.05844244525275,271.2041696182312
2,detector,camera,TRITC,2,38.0,352.5245081723738,279.0085314964078
2,detector,camera,TRITC,3,34.0,326.50429720607923,316.4962956364418
2,detector,camera,TRITC,4,35.0,337.5143131877944,315.97399696540026
2,detector,camera,TRITC,5,39.0,353.56423585019763,320.7753024389208
2,detector,camera,TRITC,6,41.0,361.94037428027553,324.693147026618
2,detector,camera,TRITC,7,40.0,358.0325777483708,387.7262967016603
2,detector,camera,TRITC,8,24.0,271.70923255224454,493.0101519416349
2,detector,camera,TRITC,9,25.0,276.5078369533479,581.5154987483928
2,detector,camera,TRITC,10,27.0,284.8587475291358,645.8350878099001
2,detector,camera,TRITC,11,22.0,267.0166713239012,657.933201957842
2,detector,camera,TRITC,12,30.0,315.51786947888166,495.5354094602683
2,detector,camera,TRITC,13,31.0,318.9847048989014,498.5200865941568
2,detector,camera,TRITC,14,32.0,322.7647430400252,500.20744819610223
2,detector,camera,TRITC,15,33.0,326.1683204299436,539.8814990763897
2,detector,camera,TRITC,16,36.0,345.7253539928201,620.6697457826551
2,detector,camera,TRITC,17,42.0,367.1323973577518,555.4218388541294
2,detector,camera,TRITC,18,43.0,384.66847038916217,492.04309194469926
2,detector,camera,TRITC,19,44.0,402.11028111383536,530.1622738064931
2,detector,camera,TRITC,20,45.0,415.4599275779819,621.0098383837992
2,detector,camera,TRITC,21,46.0,417.97006912107423,712.321403451736
2,detector,camera,TRITC,22,47.0,426.3504521902397,717.8361950670815
2,detector,camera,TRITC,23,50.0,448.12317365731633,285.1332188883048
2,detector,camera,TRITC,24,51.0,455.8479374775752,263.1367402733794
2,detector,camera,TRITC,25,55.0,487.7462548719299,285.72018258050275
2,detector,camera,TRITC,26,54.0,481.006769533906,329.5122673764339
2,detector,camera,TRITC,27,53.0,464.49682598648417,442.0201400984428
2,detector,camera,TRITC,28,52.0,456.86070512769794,505.158091089049
2,detector,camera,TRITC,29,57.0,526.0132093051878,289.72697980396595
2,detector,camera,TRITC,30,60.0,575.227640873496,302.8850688942641
2,detector,camera,TRITC,31,61.0,576.6674329795792,337.12592442414655
2,detector,camera,TRITC,32,62.0,583.0990942267391,339.15601659726167
2,detector,camera,TRITC,33,64.0,599.8378933632024,502.8791124572288
2,detector,camera,TRITC,34,59.0,568.5211478972383,704.9932656994612
2,detector,camera,TRITC,35,63.0,583.9910113567828,749.7498979920632
2,detector,camera,TRITC,36,65.0,635.9057752786867,361.7922813284935
2,detector,camera,TRITC,37,67.0,650.988749531169,364.0440431312129
2,detector,camera,TRITC,38,71.0,693.1580994191944,379.1479388157263
2,detector,camera,TRITC,39,76.0,712.036937561788,364.6979919931262
2,detector,camera,TRITC,40,79.0,719.9959289397714,371.02008627720215
2,detector,camera,TRITC,41,72.0,698.1141940627945,585.4996187083229
2,detector,camera,TRITC,42,75.0,706.5130056177825,587.4983045140652
2,detector,camera,TRITC,43,77.0,712.0171797386478,588.7094630660285
2,detector,camera,TRITC,44,80.0,726.4766322387229,653.486469566769
2,color,spectral,blue,0,7.0,37.16007418281689,72.3131228488255
2,color,spectral,blue,1,14.0,80.71732551599104,42.51600812371461
2,color,spectral,blue,2,15.0,88.98930594531546,52.415624229119096
2,color,spectral,blue,3,11.0,69.04828324399743,90.42398570239448
2,color,spectral,blue,4,13.0,74.60252086338082,89.20997753829555
2,color,spectral,blue,5,16.0,91.59035471191004,92.94043563265105
2,color,spectral,blue,6,17.0,100.1602294695673,96.08977814379163
2,color,spectral,blue,7,18.0,99.0,159.44867739350923
2,color,spectral,blue,8,4.0,22.56478435686816,277.7225534211996
2,color,spectral,blue,9,5.0,25.0,354.4035014530335
2,color,spectral,blue,10,6.0,36.165023714755534,417.6947578550229
2,color,spectral,blue,11,8.0,60.764639870442295,268.6819382023249
2,color,spectral,blue,12,9.0,64.1542198800913,270.83241421645937
2,color,spectral,blue,13,10.0,68.04279607106324,272.33004533920194
2,color,spectral,blue,14,12.0,73.24920770927841,311.6665931800273
2,color,spectral,blue,15,19.0,100.12362331606958,390.1057928807197
2,color,spectral,blue,16,20.0,116.85376259899616,325.8470789346023
2,color,spectral,blue,17,21.0,131.44285775649368,262.88400752742336
2,color,spectral,blue,18,22.0,175.0561659290666,477.9835698378012
2,color,spectral,blue,19,23.0,184.09243355077655,482.7010175687519
2,color,spectral,blue,20,24.0,196.5017092902435,42.46946545654954
2,color,spectral,blue,21,28.0,225.9962502905079,51.988908738347575
2,color,spectral,blue,22,27.0,222.30437024665048,95.98319540415194
2,color,spectral,blue,23,26.0,210.28302013590303,208.8894556604972
2,color,spectral,blue,24,25.0,205.3670715332049,271.7218372085945
2,color,spectral,blue,25,30.0,266.3411125472666,54.627993973307376
2,color,spectral,blue,26,29.0,263.4796441427012,336.3501033821316
2,color,spectral,blue,27,31.0,317.2088868442838,65.67025152618476
2,color,spectral,blue,28,32.0,320.01820005884406,99.1841313669142
2,color,spectral,blue,29,33.0,326.3332847290686,101.5226832934042
2,color,spectral,blue,30,35.0,351.8655034376516,262.9239177502092
2,color,spectral,blue,31,36.0,381.3787485967556,121.42481159361998
2,color,spectral,blue,32,37.0,397.1786268584636,123.06207292448128
2,color,spectral,blue,33,41.0,440.9439418431968,135.69610101462015
2,color,spectral,blue,34,43.0,459.0867644612884,120.77191226340244
2,color,spectral,blue,35,46.0,467.24799615695,126.59426901101736
2,color,spectral,blue,36,42.0,455.55702409499065,340.155118270176
2,color,spectral,blue,37,45.0,463.9883063833798,342.0235616655433
2,color,spectral,blue,38,48.0,469.4789123116364,342.7198467405843
2,color,spectral,green,0,6.0,33.72477967284277,68.22671677555851
2,color,spectral,green,1,14.0,79.2731772629507,39.52035708246347
2,color,spectral,green,2,15.0,86.28299620539475,47.1005514965359
2,color,spectral,green,3,9.0,61.21058734272753,85.56155510639067
2,color,spectral,green,4,13.0,72.6896230063363,84.47180596023745
2,color,spectral,green,5,16.0,89.43854324691135,88.61765687670193
2,color,spectral,green,6,19.0,97.81960973447524,92.31470002932107
2,color,spectral,green,7,18.0,96.90434033411135,155.64362967836857
2,color,spectral,green,8,3.0,13.601626905322377,264.3049038681143
2,color,spectral,green,9,5.0,22.6897278136672,351.6107432620008
2,color,spectral,green,10,7.0,33.85448336501386,414.6433625448866
2,color,spectral,green,11,8.0,58.34939805813513,265.0412231870852
2,color,spectral,green,12,10.0,61.84290218439862,267.8284026240643
2,color,spectral,green,13,11.0,66.07508078911901,269.0838424080258
2,color,spectral,green,14,12.0,71.38976464531531,308.4033202327921
2,color,spectral,green,15,17.0,94.86459472215392,387.4015226089182
2,color,spectral,green,16,20.0,113.53056473058771,321.84170032336425
2,color,spectral,green,17,21.0,128.46584642007832,258.3626368139279
2,color,spectral,green,18,24.0,172.17548404017833,475.1386166738326
2,color,spectral,green,19,25.0,181.2249630132908,480.08234893277154
2,color,spectral,green,20,27.0,190.086916032493,26.924362037497325
2,color,spectral,green,21,31.0,224.1921432456942,47.853021999474194
2,color,spectral,green,22,30.0,219.33803809714829,92.03216426487086
2,color,spectral,green,23,29.0,207.81238574117515,205.14726677215847
2,color,spectral,green,24,28.0,202.85661396037383,268.18741119367627
2,color,spectral,green,25,33.0,263.3433045536812,50.19103630938117
2,color,spectral,green,26,32.0,260.73371314063337,332.6738198122551
2,color,spectral,green,27,34.0,313.86335631072114,60.89070158465954
2,color,spectral,green,28,35.0,317.0014924458301,95.54439542421032
2,color,spectral,green,29,36.0,323.8855045131151,97.42621478001828
2,color,spectral,green,30,39.0,348.0817699549857,259.94425039135416
2,color,spectral,green,31,40.0,378.3049161686765,117.56292915033484
2,color,spectral,green,32,41.0,393.8157255897131,118.89422233344573
2,color,spectral,green,33,42.0,437.6324927379153,132.0523490966207
2,color,spectral,green,34,44.0,456.1109787263859,116.95990602304164
2,color,spectral,green,35,46.0,464.4492922061989,122.84257572018254
2,color,spectral,green,36,43.0,452.4729542787697,336.982466070121
2,color,spectral,green,37,45.0,460.7719921577674,338.67834470023195
2,color,spectral,green,38,47.0,466.4773306166682,339.824614724092
2,color,spectral,yellow,0,6.0,30.59298175915601,73.61052297603413
2,color,spectral,yellow,1,14.0,76.30168365157687,45.04961630638239
2,color,spectral,yellow,2,15.0,83.24862424382522,52.5287503709995
2,color,spectral,yellow,3,9.0,58.33582503283955,90.97000413004942
2,color,spectral,yellow,4,12.0,69.68735174165255,90.00535006612522
2,color,spectral,yellow,5,16.0,86.41243104183253,94.37242767474254
2,color,spectral,yellow,6,19.0,94.86396940501028,98.02081830493869
2,color,spectral,yellow,7,18.0,93.82230080666268,161.1657317583756
2,color,spectral,yellow,8,3.0,10.839068563818396,269.44673888037136
2,color,spectral,yellow,9,5.0,19.602200452623755,356.8226313542232
2,color,spectral,yellow,10,7.0,30.989770325054103,419.75398710087495
2,color,spectral,yellow,11,8.0,55.53240712062338,270.4774650598745
2,color,spectral,yellow,12,10.0,59.17091755727806,273.1141795749121
2,color,spectral,yellow,13,11.0,63.04712107024845,274.71919822974814
2,color,spectral,yellow,14,13.0,68.56712549064237,313.6200783472518
2,color,spectral,yellow,15,17.0,91.84761685315962,392.5143834457816
2,color,spectral,yellow,16,20.0,110.65202643531566,326.99273094142086
2,color,spectral,yellow,17,21.0,125.51547700886849,263.94001204803925
2,color,spectral,yellow,18,24.0,169.3776804883751,480.86033529804473
2,color,spectral,yellow,19,25.0,178.15698891567945,485.710747930502
2,color,spectral,yellow,20,27.0,187.0517342776236,32.13264550039559
2,color,spectral,yellow,21,31.0,221.23892167212145,53.20439525082857
2,color,spectral,yellow,22,30.0,216.4481770457025,97.58673301988902
2,color,spectral,yellow,23,29.0,204.7723278448883,210.739417175876
2,color,spectral,yellow,24,28.0,199.8148339454623,273.5360020729474
2,color,spectral,yellow,25,33.0,260.77004412924214,55.455186658121605
2,color,spectral,yellow,26,32.0,257.6666263463728,338.1849433401035
2,color,spectral,yellow,27,35.0,310.88827214937504,66.112761035591
2,color,spectral,yellow,28,36.0,314.0934949794372,100.88858860946152
2,color,spectral,yellow,29,37.0,320.8717457431421,102.56391590632478
2,color,spectral,yellow,30,40.0,345.2858076222548,265.02514501294144
2,color,spectral,yellow,31,41.0,375.6126190804941,122.97133870843656
2,color,spectral,yellow,32,42.0,390.8632936397877,124.67302777827086
2,color,spectral,yellow,33,43.0,435.0676286668906,137.64273504985448
2,color,spectral,yellow,34,45.0,453.3892323806657,122.29105230895593
2,color,spectral,yellow,35,47.0,461.5517581110433,128.3829257668518
2,color,spectral,yellow,36,44.0,449.8480594975689,342.72672716339844
2,color,spectral,yellow,37,46.0,458.10558419719,344.1362385159405
2,color,spectral,yellow,38,48.0,463.947516843567,345.15193620972764
2,color,spectral,red,0,7.0,38.34176165110778,65.7232275561107
2,color,spectral,red,1,15.0,84.25919663093428,37.4623853135734
2,color,spectral,red,2,16.0,91.14361675116692,44.69297575186988
2,color,spectral,red,3,10.0,66.05740543556604,82.82486999900728
2,color,spectral,red,4,14.0,77.3720274740209,81.64088261633573
2,color,spectral,red,5,17.0,93.99671796309772,85.958630209558
2,color,spectral,red,6,20.0,102.80121949476256,89.45224158158791
2,color,spectral,red,7,19.0,101.71091031586812,152.2611258844587
2,color,spectral,red,8,4.0,18.40903347070797,260.3067196623507
2,color,spectral,red,9,6.0,27.23966059752865,347.48100295557407
2,color,spectral,red,10,8.0,38.78124687431541,410.5547029710656
2,color,spectral,red,11,9.0,63.05515738330779,260.99033649841755
2,color,spectral,red,12,11.0,66.83661106698206,263.7873024379704
2,color,spectral,red,13,12.0,70.76290062521107,265.2594839459182
2,color,spectral,red,14,13.0,75.97167358149737,304.32295898486547
2,color,spectral,red,15,18.0,99.71347392082538,383.110906886741
2,color,spectral,red,16,21.0,118.46178195736536,317.8117043092996
2,color,spectral,red,17,22.0,133.57564949182452,254.6590091285825
2,color,spectral,red,18,25.0,177.19643920035884,470.6985769437382
2,color,spectral,red,19,26.0,186.01614100164736,475.8245083359699
2,color,spectral,red,20,28.0,195.07809287623252,25.114637559995774
2,color,spectral,red,21,32.0,229.05780561984105,45.63525222351721
2,color,spectral,red,22,31.0,224.1832059476664,89.08170083193193
2,color,spectral,red,23,30.0,212.5351675478555,201.4318777975428
2,color,spectral,red,24,29.0,207.6198350624388,264.3299984009164
2,color,spectral,red,25,34.0,268.0612438095161,48.00351105621732
2,color,spectral,red,26,33.0,265.4525656798267,328.6511878678539
2,color,spectral,red,27,35.0,319.08514966793655,58.4773326107358
2,color,spectral,red,28,36.0,322.0264806686079,92.53847664166496
2,color,spectral,red,29,37.0,328.38748212156173,94.3335825381923
2,color,spectral,red,30,40.0,353.03779856736503,255.71879186236671
2,color,spectral,red,31,41.0,383.291129197726,114.26324418625735
2,color,spectral,red,32,42.0,398.9418963222332,115.89951537448616
2,color,spectral,red,33,43.0,442.9619557445674,128.82694999139204
2,color,spectral,red,34,45.0,461.1421973212073,113.62869213383384
2,color,spectral,red,35,47.0,469.5554394140671,119.85512124781354
2,color,spectral,red,36,44.0,457.076346584757,333.1808273007814
2,color,spectral,red,37,46.0,465.4527293604148,334.702556901198
2,color,spectral,red,38,48.0,471.613536238875,335.8620900133524
2,color,camera,DAPI,0,27.0,299.8273221205568,298.1576659779888
2,color,camera,DAPI,1,37.0,345.97283408032433,271.29350251746126
2,color,camera,DAPI,2,38.0,352.3900738249709,279.23144924186266
2,color,camera,DAPI,3,33.0,326.1575405493344,316.805462670442
2,color,camera,DAPI,4,35.0,337.1694984920361,316.1816728534713
2,color,camera,DAPI,5,39.0,353.41613511973384,321.0991023580741
2,color,camera,DAPI,6,41.0,361.4075553578039,324.8078563956998
2,color,camera,DAPI,7,40.0,357.75015193565366,388.0090212798462
2,color,camera,DAPI,8,24.0,271.48263571931176,493.4815454580996
2,color,camera,DAPI,9,25.0,276.1682205315857,581.8425308189143
2,color,camera,DAPI,10,26.0,284.5001780660696,645.9822207949982
2,color,camera,DAPI,11,30.0,315.1798902634518,495.85453698009246
2,color,camera,DAPI,12,31.0,318.49286501406215,498.5297855255975
2,color,camera,DAPI,13,32.0,322.033430061789,500.5083157798914
2,color,camera,DAPI,14,34.0,325.8211718534308,540.1974149673981
2,color,camera,DAPI,15,36.0,345.38837142210264,621.1181799894373
2,color,camera,DAPI,16,42.0,366.4967603684737,555.7476357975836
2,color,camera,DAPI,17,43.0,384.0005028141779,492.4873723176464
2,color,camera,DAPI,18,46.0,417.6941820132938,712.9832884961947
2,color,camera,DAPI,19,47.0,425.99983150583785,717.7322047911426
2,color,camera,DAPI,20,51.0,455.48862001565993,263.4804226299164
2,color,camera,DAPI,21,55.0,487.33921697568735,285.974872001046
2,color,camera,DAPI,22,54.0,480.7457310921669,329.9888548368533
2,color,camera,DAPI,23,53.0,464.0073591063763,442.48947220197897
2,color,camera,DAPI,24,52.0,456.9467055221605,505.30455896798026
2,color,camera,DAPI,25,57.0,525.7069271800183,290.00750996305595
2,color,camera,DAPI,26,56.0,510.4822702221638,573.0084217016807
2,color,camera,DAPI,27,60.0,575.0081002135204,302.98235668786845
2,color,camera,DAPI,28,61.0,576.2206841710359,337.500294524148
2,color,camera,DAPI,29,62.0,582.8492261886283,339.64376823691055
2,color,camera,DAPI,30,64.0,599.6423193639428,503.1247365213382
2,color,camera,DAPI,31,65.0,635.6281824593616,362.0365561393221
2,color,camera,DAPI,32,67.0,650.9686322889261,364.03841086655615
2,color,camera,DAPI,33,71.0,692.9132464268674,379.64604184922126
2,color,camera,DAPI,34,76.0,711.8809207115461,364.6949497366632
2,color,camera,DAPI,35,79.0,719.7089053934494,371.4525921057658
2,color,camera,DAPI,36,72.0,698.2069286471053,585.9896541787854
2,color,camera,DAPI,37,75.0,706.4898677639255,587.9817280134979
2,color,camera,DAPI,38,77.0,711.8793784970933,589.1331445515731
2,color,camera,FITC,0,28.0,300.5842555937376,297.8869705025146
2,color,camera,FITC,1,37.0,346.60931309925826,271.31354424089284
2,color,camera,FITC,2,39.0,353.0024988472616,279.00946275374497
2,color,camera,FITC,3,34.0,326.9647744269509,316.6698816874466
2,color,camera,FITC,4,36.0,337.98360816563707,315.9827873593867
2,color,camera,FITC,5,40.0,354.4163326080851,320.9730194183163
2,color,camera,FITC,6,42.0,362.4790884558558,324.52262512483384
2,color,camera,FITC,7,41.0,358.66396789329764,387.6879228085751
2,color,camera,FITC,8,24.0,272.1140282201206,493.1659320765432
2,color,camera,FITC,9,25.0,276.8907751479716,581.8620746375328
2,color,camera,FITC,10,27.0,285.2927269677103,645.9943202366882
2,color,camera,FITC,11,31.0,316.03232831947906,495.75890373997305
2,color,camera,FITC,12,32.0,319.39829700046005,498.79617546881553
2,color,camera,FITC,13,33.0,323.1912301913269,500.40488819752136
2,color,camera,FITC,14,35.0,326.6965016735041,540.0383479354272
2,color,camera,FITC,15,38.0,346.3499961206178,621.1312002336989
2,color,camera,FITC,16,43.0,367.5468084700353,555.5484463764166
2,color,camera,FITC,17,44.0,384.9942698718805,492.3066741234941
2,color,camera,FITC,18,47.0,418.3063016215391,712.9703341968715
2,color,camera,FITC,19,49.0,426.85034601032106,718.1651226157494
2,color,camera,FITC,20,52.0,456.14376947282926,263.13150324297374
2,color,camera,FITC,21,56.0,488.2814435433171,285.68733897657665
2,color,camera,FITC,22,55.0,481.5142003031186,329.8920657292678
2,color,camera,FITC,23,54.0,465.0150227501032,442.0525537604357
2,color,camera,FITC,24,53.0,457.4875330070573,505.49812746463846
2,color,camera,FITC,25,58.0,526.5016751792238,289.93974333597924
2,color,camera,FITC,26,57.0,511.29897964329,573.0166821272828
2,color,camera,FITC,27,61.0,575.6614595063759,302.85409174861354
2,color,camera,FITC,28,62.0,577.1575582918298,337.14123026573304
2,color,camera,FITC,29,63.0,583.8058797146709,339.1539978229187
2,color,camera,FITC,30,65.0,600.3669993359229,503.1133909510928
2,color,camera,FITC,31,66.0,636.5086646699189,361.9696040122181
2,color,camera,FITC,32,68.0,651.5115397066655,364.05696654738296
2,color,camera,FITC,33,72.0,694.013376390608,379.2983697812227
2,color,camera,FITC,34,77.0,712.854153938546,364.8607540861302
2,color,camera,FITC,35,80.0,720.6496687336088,371.2939572772792
2,color,camera,FITC,36,73.0,699.1673281456626,585.8422215961982
2,color,camera,FITC,37,76.0,707.2030130791109,587.8072252530551
2,color,camera,FITC,38,78.0,712.967212119888,589.0094027627232
2,color,camera,TRITC,0,28.0,301.1385379497219,299.3602968537148
2,color,camera,TRITC,1,37.0,347.0484595546878,272.76980028524576
2,color,camera,TRITC,2,38.0,353.82309404436864,280.20125097985294
2,color,camera,TRITC,3,33.0,327.3231780382808,317.9834931185009
2,color,camera,TRITC,4,35.0,338.51415163578224,317.0754187079628
2,color,camera,TRITC,5,39.0,354.54954685810026,322.1772386124359
2,color,camera,TRITC,6,41.0,362.7409778038032,326.01143067918656
2,color,camera,TRITC,7,40.0,359.0265671261872,389.2811809619993
2,color,camera,TRITC,8,24.0,272.9314126275771,494.3300916093826
2,color,camera,TRITC,9,25.0,277.6776582125705,583.0078410849966
2,color,camera,TRITC,10,27.0,285.8489308040647,647.1474160748105
2,color,camera,TRITC,11,30.0,316.5176470833929,497.4739987271908
2,color,camera,TRITC,12,31.0,319.8594731496722,500.1490017088405
2,color,camera,TRITC,13,32.0,323.6704265026869,501.93147859318674
2,color,camera,TRITC,14,34.0,327.1524119307203,541.1645329569001
2,color,camera,TRITC,15,36.0,346.7346885398521,622.1167651530245
2,color,camera,TRITC,16,42.0,368.279419020495,556.6805284019899
2,color,camera,TRITC,17,43.0,385.5077440412894,493.5115830726459
2,color,camera,TRITC,18,46.0,418.9847419207203,713.7365916149917
2,color,camera,TRITC,19,47.0,427.4766918782694,719.008586458042
2,color,camera,TRITC,20,51.0,456.8324023868421,264.8037688800466
2,color,camera,TRITC,21,55.0,488.8224843581637,287.28229517125067
2,color,camera,TRITC,22,54.0,482.0076768901348,330.9986079008181
2,color,camera,TRITC,23,53.0,465.7474483038358,443.2477751286619
2,color,camera,TRITC,24,52.0,457.9727371843762,506.6935728358998
2,color,camera,TRITC,25,57.0,527.1150773047945,291.15748663551346
2,color,camera,TRITC,26,56.0,511.856439555768,574.141307415988
2,color,camera,TRITC,27,60.0,576.3583411888848,304.03476452398246
2,color,camera,TRITC,28,61.0,577.8402898453745,338.8104796582515
2,color,camera,TRITC,29,62.0,584.01034184057,340.69360186499546
2,color,camera,TRITC,30,64.0,600.9635528327656,504.308219100076
2,color,camera,TRITC,31,65.0,636.882861715519,363.3997506676568
2,color,camera,TRITC,32,67.0,652.003038985104,365.5193304184892
2,color,camera,TRITC,33,71.0,694.230734266136,380.7716031440609
2,color,camera,TRITC,34,76.0,713.1453573849257,366.1124019996493
2,color,camera,TRITC,35,79.0,721.0108316464052,372.4790235349024
2,color,camera,TRITC,36,72.0,699.3220872625485,586.9937390085355
2,color,camera,TRITC,37,75.0,707.7061449699353,588.963633124078
2,color,camera,TRITC,38,77.0,713.1564709871001,590.1576953120488
3,detector,spectral,blue,0,1.0,18.927797581564533,165.68735781038137
3,detector,spectral,blue,1,2.0,20.19160185750888,174.40709720677808
3,detector,spectral,blue,2,3.0,39.43199640420416,374.8569618413356
3,detector,spectral,blue,3,4.0,44.65824351500051,330.7392319268543
3,detector,spectral,blue,4,6.0,52.32437303061883,386.16843222169337
3,detector,spectral,blue,5,8.0,65.33419971661732,187.73129468822137
3,detector,spectral,blue,6,7.0,64.87775631598961,238.71814374425307
3,detector,spectral,blue,7,9.0,89.1307604813716,348.17225392597186
3,detector,spectral,blue,8,10.0,100.12127697723078,424.1964144800072
3,detector,spectral,blue,9,11.0,103.52609936892792,464.7558199159471
3,detector,spectral,blue,10,12.0,107.11420433236415,71.3834739263574
3,detector,spectral,blue,11,13.0,109.01335527530948,97.28190567440414
3,detector,spectral,blue,12,14.0,123.51975238618112,201.5294967766361
3,detector,spectral,blue,13,15.0,140.49656706096047,219.00930956189455
3,detector,spectral,blue,14,17.0,152.41087256095895,36.6624070445791
3,detector,spectral,blue,15,19.0,160.96777830258063,94.89443855500306
3,detector,spectral,blue,16,18.0,155.36113717431354,147.79107839487986
3,detector,spectral,blue,17,21.0,173.31403676854993,265.89637212239586
3,detector,spectral,blue,18,20.0,169.99748087544768,362.2997239469345
3,detector,spectral,blue,19,16.0,148.31623825123577,476.84257126339327
3,detector,spectral,blue,20,22.0,185.10670091419453,496.3845456165371
3,detector,spectral,blue,21,23.0,209.3851218081685,293.87236791048724
3,detector,spectral,blue,22,24.0,218.68981958314325,307.239509588137
3,detector,spectral,blue,23,25.0,224.45828438078613,15.68070504609417
3,detector,spectral,blue,24,27.0,251.84606825047257,11.618667043597672
3,detector,spectral,blue,25,30.0,257.99887692317924,36.49455455444738
3,detector,spectral,blue,26,34.0,276.1161800444302,40.45090509939276
3,detector,spectral,blue,27,26.0,248.120475953994,152.98971246414274
3,detector,spectral,blue,28,29.0,257.3940786602905,276.18149401401354
3,detector,spectral,blue,29,31.0,258.9888808779962,288.78480218889547
3,detector,spectral,blue,30,33.0,274.23795381817166,392.03893502582383
3,detector,spectral,blue,31,32.0,259.566698290457,412.7472342019743
3,detector,spectral,blue,32,28.0,257.0796374067724,446.8936444233651
3,detector,spectral,blue,33,36.0,298.04381521693824,476.92677888190497
3,detector,spectral,blue,34,39.0,310.0781463948756,447.253895953845
3,detector,spectral,blue,35,38.0,306.74689126897795,289.2415808430998
3,detector,spectral,blue,36,43.0,346.62067202888886,319.9406915685764
3,detector,spectral,blue,37,41.0,321.0428405533753,248.43126231390912
3,detector,spectral,blue,38,37.0,302.84932312583504,204.10250015213967
3,detector,spectral,blue,39,44.0,356.6020750994885,229.5819151546604
3,detector,spectral,blue,40,45.0,363.1416955112375,239.8187354092808
3,detector,spectral,blue,41,42.0,320.9900753865757,110.06213059872164
3,detector,spectral,blue,42,46.0,452.5177082173291,191.93504088221025
3,detector,spectral,blue,43,47.0,457.5845580819217,274.4962129796133
3,detector,spectral,blue,44,48.0,481.0999459583064,232.9043877598511
3,detector,spectral,blue,45,49.0,482.44321925212654,364.812802885292
3,detector,spectral,blue,46,50.0,489.8573706626107,37.210461454558775
3,detector,spectral,blue,47,51.0,497.40140832751285,185.70367309619675
3,detector,spectral,green,0,1.0,16.707667082280512,162.56517813859512
3,detector,spectral,green,1,2.0,17.606662760012984,170.9641999071338
3,detector,spectral,green,2,3.0,37.028272306312026,372.2725624844229
3,detector,spectral,green,3,4.0,42.11001979234382,328.30423434379765
3,detector,spectral,green,4,6.0,49.763575518209535,383.54426210883287
3,detector,spectral,green,5,7.0,62.62593906724288,184.91860961478423
3,detector,spectral,green,6,8.0,62.62751133188363,235.3209794352884
3,detector,spectral,green,7,9.0,87.27098735918997,345.6568334380375
3,detector,spectral,green,8,10.0,97.56626296087856,422.1623482843549
3,detector,spectral,green,9,11.0,100.83643185010273,462.4647581625094
3,detector,spectral,green,10,12.0,104.42604487410226,67.58748150191953
3,detector,spectral,green,11,13.0,106.75627884376117,94.10686530940173
3,detector,spectral,green,12,14.0,121.40157390324109,198.6530449508206
3,detector,spectral,green,13,15.0,137.9064758729915,216.36650612117404
3,detector,spectral,green,14,17.0,149.63969718786342,32.38040244966556
3,detector,spectral,green,15,20.0,158.70713560114157,91.65369590494734
3,detector,spectral,green,16,18.0,152.9423095343524,144.83733887863087
3,detector,spectral,green,17,22.0,170.07481880004534,263.3885612545177
3,detector,spectral,green,18,21.0,167.0660256039856,359.12332513964344
3,detector,spectral,green,19,16.0,145.53629206337814,475.2545832750389
3,detector,spectral,green,20,23.0,182.62241242925612,494.29590914707774
3,detector,spectral,green,21,24.0,206.81518027820852,291.4427722505394
3,detector,spectral,green,22,25.0,215.5843470902683,304.71369172770056
3,detector,spectral,green,23,26.0,221.4007852321392,11.36543437288104
3,detector,spectral,green,24,28.0,249.0128076249958,7.961245998680453
3,detector,spectral,green,25,30.0,254.20905437669373,32.884113211745
3,detector,spectral,green,26,35.0,273.18740974613473,36.85210242167636
3,detector,spectral,green,27,27.0,245.4539958923442,149.99661402756072
3,detector,spectral,green,28,31.0,254.0358974525712,274.1065684429589
3,detector,spectral,green,29,32.0,255.8193569877779,285.90470857270026
3,detector,spectral,green,30,34.0,271.09686612907353,389.5929312097845
3,detector,spectral,green,31,33.0,256.9728148890237,410.31222779881375
3,detector,spectral,green,32,29.0,253.72951525373784,444.5959498084517
3,detector,spectral,green,33,37.0,294.7551431293276,474.83147697674826
3,detector,spectral,green,34,41.0,306.69134174385863,445.3461862592927
3,detector,spectral,green,35,39.0,303.6204483937443,286.41335844979244
3,detector,spectral,green,36,44.0,343.42529515657657,317.3097189329952
3,detector,spectral,green,37,43.0,317.7328028563318,245.46774597156127
3,detector,spectral,green,38,38.0,299.8705812869225,201.14811487397552
3,detector,spectral,green,39,45.0,353.3624848547059,226.83416991296863
3,detector,spectral,green,40,46.0,359.5506696835912,236.83699986935264
3,detector,spectral,green,41,42.0,317.47282988174067,106.16086505573595
3,detector,spectral,green,42,47.0,448.67690999669946,189.21599744556104
3,detector,spectral,green,43,48.0,453.71772291351095,271.1764935399306
3,detector,spectral,green,44,49.0,477.2487290700181,229.5290077464298
3,detector,spectral,green,45,50.0,478.52846727188665,362.253958230172
3,detector,spectral,green,46,51.0,485.8521927779716,32.669405276283115
3,detector,spectral,green,47,52.0,493.76049519999947,182.76047446576635
3,detector,spectral,yellow,0,1.0,13.604368640305983,168.62449328930091
3,detector,spectral,yellow,1,2.0,15.224296474307222,176.91123419994864
3,detector,spectral,yellow,2,3.0,34.22064372159235,377.8958118267127
3,detector,spectral,yellow,3,4.0,39.08542472340965,334.17585007806514
3,detector,spectral,yellow,4,6.0,46.745532193598535,389.25445638410105
3,detector,spectral,yellow,5,7.0,59.68362456581891,190.9950834715141
3,detector,spectral,yellow,6,8.0,59.75185482258839,240.91392997614184
3,detector,spectral,yellow,7,11.0,84.255720957588,351.39525735491776
3,detector,spectral,yellow,8,12.0,94.48808089873324,427.8597696772634
3,detector,spectral,yellow,9,13.0,97.89165870983678,468.6219447112932
3,detector,spectral,yellow,10,14.0,101.1457965666429,73.19246436880705
3,detector,spectral,yellow,11,15.0,103.7216052607221,100.0613329123859
3,detector,spectral,yellow,12,16.0,118.11679978330376,204.41921720213747
3,detector,spectral,yellow,13,17.0,134.8805550535374,222.19121290861517
3,detector,spectral,yellow,14,20.0,146.9619221651988,38.353688883668056
3,detector,spectral,yellow,15,22.0,155.61659049367992,97.77228512477927
3,detector,spectral,yellow,16,21.0,149.89156876587924,150.66621071064418
3,detector,spectral,yellow,17,24.0,166.96379014602215,269.08044797822026
3,detector,spectral,yellow,18,23.0,164.32190378974244,364.78409361263607
3,detector,spectral,yellow,19,18.0,142.71383508177394,481.049102303628
3,detector,spectral,yellow,20,26.0,179.68952517327634,500.0335024810254
3,detector,spectral,yellow,21,27.0,204.0492227605878,297.1195797714952
3,detector,spectral,yellow,22,28.0,212.7298303495922,310.6221659702249
3,detector,spectral,yellow,23,29.0,218.41573434695096,16.93983662567713
3,detector,spectral,yellow,24,31.0,246.4663485699424,13.791340941473972
3,detector,spectral,yellow,25,33.0,251.56833777328436,38.50647631497257
3,detector,spectral,yellow,26,38.0,270.5054617116381,42.61843379048016
3,detector,spectral,yellow,27,30.0,242.72943467486508,155.72420530650393
3,detector,spectral,yellow,28,32.0,250.54250406674345,279.4565464589525
3,detector,spectral,yellow,29,35.0,252.81467112866775,291.64114863806134
3,detector,spectral,yellow,30,37.0,268.3155718225686,395.66773408186
3,detector,spectral,yellow,31,36.0,254.1217864037048,416.1587702401135
3,detector,spectral,yellow,32,34.0,250.70214016727903,450.1092057582965
3,detector,spectral,yellow,33,40.0,291.87354596802817,480.5000030481225
3,detector,spectral,yellow,34,46.0,304.0597669626555,451.3544682315791
3,detector,spectral,yellow,35,43.0,300.54065311405685,292.19918294085
3,detector,spectral,yellow,36,50.0,340.6587887334033,323.2811616528353
3,detector,spectral,yellow,37,48.0,314.751216070964,251.5559861608365
3,detector,spectral,yellow,38,42.0,297.1736880453587,206.93901950970263
3,detector,spectral,yellow,39,51.0,350.1336814505371,232.5158330462228
3,detector,spectral,yellow,40,52.0,356.7664583291789,242.9171704465365
3,detector,spectral,yellow,41,47.0,314.5746282424602,111.6752843775
3,detector,spectral,yellow,42,53.0,445.4998834086552,194.8553429860934
3,detector,spectral,yellow,43,54.0,451.1429342001751,276.86624629744665
3,detector,spectral,yellow,44,55.0,474.2665351882317,235.7382872089293
3,detector,spectral,yellow,45,56.0,476.11436476501007,367.77573974531066
3,detector,spectral,yellow,46,57.0,482.4920555595051,38.78977469223477
3,detector,spectral,yellow,47,58.0,491.0380123312923,188.83453016065076
3,detector,spectral,red,0,1.0,20.56822652667745,160.22450603789048
3,detector,spectral,red,1,2.0,21.114460598391947,168.67107747338153
3,detector,spectral,red,2,3.0,41.01409141950311,368.80423998084177
3,detector,spectral,red,3,4.0,45.47495861069306,325.82372592677905
3,detector,spectral,red,4,5.0,53.72552963450574,380.51447900331146
3,detector,spectral,red,5,7.0,66.33268652830706,182.6671897172117
3,detector,spectral,red,6,6.0,66.30062344500429,232.70146576024797
3,detector,spectral,red,7,8.0,91.0,343.0
3,detector,spectral,red,8,9.0,101.2422792520455,419.13382310474174
3,detector,spectral,red,9,10.0,104.65440289324684,459.4521460612765
3,detector,spectral,red,10,11.0,108.50229265662608,65.98717821484182
3,detector,spectral,red,11,12.0,110.46116870011538,92.13874734098223
3,detector,spectral,red,12,13.0,125.09715180836368,196.36373167732648
3,detector,spectral,red,13,14.0,141.86906303717345,214.12171063112072
3,detector,spectral,red,14,16.0,153.8571953804511,31.426005420508066
3,detector,spectral,red,15,19.0,163.00914645995036,89.5101069561901
3,detector,spectral,red,16,17.0,156.89898050101627,142.63359602371074
3,detector,spectral,red,17,21.0,174.13000252034135,260.8689722581404
3,detector,spectral,red,18,20.0,171.01018164683603,356.504532826115
3,detector,spectral,red,19,15.0,149.6336420517612,471.52070517171416
3,detector,spectral,red,20,22.0,186.85656590233103,491.1273786309492
3,detector,spectral,red,21,23.0,210.74682115109255,288.62929132241885
3,detector,spectral,red,22,24.0,219.98787269001377,302.19561193623986
3,detector,spectral,red,23,25.0,225.36283909800463,10.09664197320908
3,detector,spectral,red,24,27.0,253.1861982584763,7.398639192297987
3,detector,spectral,red,25,30.0,258.5959605290353,31.201779395167915
3,detector,spectral,red,26,34.0,277.013593243955,35.51451130178259
3,detector,spectral,red,27,26.0,249.2054436045848,147.49939691882378
3,detector,spectral,red,28,28.0,257.84043235463963,271.1659056032731
3,detector,spectral,red,29,31.0,259.8819319714085,283.3439862967718
3,detector,spectral,red,30,33.0,275.0019746908053,387.193574795154
3,detector,spectral,red,31,32.0,261.10370893879417,407.3528223551834
3,detector,spectral,red,32,29.0,257.9826113189693,441.4955101417416
3,detector,spectral,red,33,36.0,299.09780289300807,471.6653612208803
3,detector,spectral,red,34,40.0,310.9923692066266,441.9919326476175
3,detector,spectral,red,35,38.0,307.9159669967689,283.6385575688316
3,detector,spectral,red,36,43.0,347.5015427214775,314.4929756369551
3,detector,spectral,red,37,42.0,321.98130412096566,243.00033658149823
3,detector,spectral,red,38,37.0,304.2094066749918,198.505495173182
3,detector,spectral,red,39,44.0,357.7897452196662,224.4914910187829
3,detector,spectral,red,40,45.0,363.78296564098406,234.5005635157828
3,detector,spectral,red,41,41.0,321.8307899181266,103.66236593859948
3,detector,spectral,red,42,46.0,452.5123240038588,186.0255532495671
3,detector,spectral,red,43,47.0,457.59540094144427,268.7965229341594
3,detector,spectral,red,44,48.0,481.1333588574323,226.86014391832924
3,detector,spectral,red,45,49.0,483.4978112443292,359.5015074157109
3,detector,spectral,red,46,50.0,490.3381882207258,31.89468425013144
3,detector,spectral,red,47,51.0,498.0862645210657,180.34042376370056
3,detector,camera,DAPI,0,47.0,281.21841192283216,393.3606844946343
3,detector,camera,DAPI,1,49.0,282.6784814631246,401.53487184240674
3,detector,camera,DAPI,2,50.0,292.3654429807812,605.5371078985119
3,detector,camera,DAPI,3,51.0,299.0061086957203,561.2501940282237
3,detector,camera,DAPI,4,53.0,304.25539055118423,617.266469488412
3,detector,camera,DAPI,5,61.0,325.50271553504103,417.5156088974056
3,detector,camera,DAPI,6,58.0,323.3690575489143,468.2537673108893
3,detector,camera,DAPI,7,63.0,342.3731645492128,580.3898974908931
3,detector,camera,DAPI,8,64.0,348.89300310257823,658.1664459199071
3,detector,camera,DAPI,9,65.0,350.5062794644882,699.0082376536488
3,detector,camera,DAPI,10,72.0,371.2358605125199,301.93432244990174
3,detector,camera,DAPI,11,73.0,372.8014068566174,328.82707893077253
3,detector,camera,DAPI,12,74.0,382.4773526716817,434.12084762875065
3,detector,camera,DAPI,13,76.0,397.842280645856,452.2797066128024
3,detector,camera,DAPI,14,81.0,417.8123225899742,268.50627856976746
3,detector,camera,DAPI,15,83.0,423.8890517082915,328.4071015547084
3,detector,camera,DAPI,16,80.0,415.993939737312,381.3601201462362
3,detector,camera,DAPI,17,84.0,427.4877942834658,501.7769992393423
3,detector,camera,DAPI,18,82.0,420.01879621717,597.681638715736
3,detector,camera,DAPI,19,75.0,393.87709287370194,713.339596463664
3,detector,camera,DAPI,20,85.0,429.49085813691136,734.2779651535004
3,detector,camera,DAPI,21,92.0,462.0583025505007,530.8308460559645
3,detector,camera,DAPI,22,94.0,470.11316945889183,544.725741085354
3,detector,camera,DAPI,23,95.0,488.4154901707994,250.079607893854
3,detector,camera,DAPI,24,102.0,516.3811170271101,248.3823350562767
3,detector,camera,DAPI,25,104.0,520.1962595417822,273.998359690129
3,detector,camera,DAPI,26,107.0,538.3927156402651,278.37085272430335
3,detector,camera,DAPI,27,99.0,506.4978756242429,390.287345114793
3,detector,camera,DAPI,28,100.0,509.4926181323546,515.2819317564931
3,detector,camera,DAPI,29,101.0,510.39131539501074,527.3919436268417
3,detector,camera,DAPI,30,105.0,520.7201340335162,633.1071595291655
3,detector,camera,DAPI,31,98.0,506.1281440684008,653.4534137231756
3,detector,camera,DAPI,32,97.0,501.278173203154,687.6569351315036
3,detector,camera,DAPI,33,108.0,540.2784116196378,719.8260061496069
3,detector,camera,DAPI,34,109.0,553.2732941130313,690.8253762388557
3,detector,camera,DAPI,35,114.0,557.4244173509144,529.8986761638138
3,detector,camera,DAPI,36,123.0,595.0995999429423,563.0695246560047
3,detector,camera,DAPI,37,117.0,573.110388086252,489.2999527743223
3,detector,camera,DAPI,38,113.0,557.6339329265343,444.0008411113655
3,detector,camera,DAPI,39,124.0,608.8798602638112,471.7963222207615
3,detector,camera,DAPI,40,125.0,614.5889655838807,482.6882593823261
3,detector,camera,DAPI,41,118.0,579.3718778577789,349.4053533820802
3,detector,camera,DAPI,42,137.0,703.8431815716743,438.1157115558486
3,detector,camera,DAPI,43,138.0,705.1389995970676,520.9952075164829
3,detector,camera,DAPI,44,140.0,730.3842182139189,480.37820438011136
3,detector,camera,DAPI,45,139.0,725.6055359154287,614.696508384601
3,detector,camera,DAPI,46,145.0,747.8034597510027,283.65320542404964
3,detector,camera,DAPI,47,147.0,748.5916705137996,433.88130557420106
3,detector,camera,FITC,0,35.0,281.5230618986214,392.5140120161981
3,detector,camera,FITC,1,37.0,282.37215747533713,400.9202322267772
3,detector,camera,FITC,2,38.0,292.51772969268524,604.4955388211154
3,detector,camera,FITC,3,39.0,299.21315074601176,560.4711899174666
3,detector,camera,FITC,4,41.0,304.45105288499855,616.5114069510458
3,detector,camera,FITC,5,47.0,325.97694509665826,416.7081404166712
3,detector,camera,FITC,6,44.0,323.40368375672915,467.3782488014053
3,detector,camera,FITC,7,49.0,342.6616347651733,579.8869254717489
3,detector,camera,FITC,8,50.0,349.2603968031067,657.3287083514962
3,detector,camera,FITC,9,51.0,350.88208944591435,698.3411366225063
3,detector,camera,FITC,10,58.0,371.8018848263002,301.00270392605427
3,detector,camera,FITC,11,59.0,373.0311111602414,327.6961169478029
3,detector,camera,FITC,12,60.0,382.8190467779954,433.1978582471761
3,detector,camera,FITC,13,62.0,398.0997141386422,451.3960303645197
3,detector,camera,FITC,14,65.0,418.0267884745864,267.9848953234414
3,detector,camera,FITC,15,67.0,424.1286543008824,327.16525120725385
3,detector,camera,FITC,16,64.0,416.0160182388103,380.21209245142
3,detector,camera,FITC,17,68.0,427.8570012891845,500.1608106375659
3,detector,camera,FITC,18,66.0,420.6637268658092,596.8665928738797
3,detector,camera,FITC,19,61.0,394.1871346218164,712.5265758931874
3,detector,camera,FITC,20,69.0,429.7809070100461,733.5299499810036
3,detector,camera,FITC,21,73.0,462.3382549873952,530.1081036833066
3,detector,camera,FITC,22,75.0,470.235279135414,543.9939938012483
3,detector,camera,FITC,23,76.0,489.2730028384081,249.67435178518116
3,detector,camera,FITC,24,82.0,516.8621468723973,247.35101292197055
3,detector,camera,FITC,25,83.0,520.9872476190641,272.71297563636097
3,detector,camera,FITC,26,86.0,539.0097680546182,277.69724729157144
3,detector,camera,FITC,27,79.0,506.8801423831707,389.6595906713591
3,detector,camera,FITC,28,80.0,509.5113752650734,514.4862804205355
3,detector,camera,FITC,29,81.0,510.86605463438576,526.6998891068886
3,detector,camera,FITC,30,84.0,520.9973187069883,632.2107003632055
3,detector,camera,FITC,31,78.0,506.3521149585063,652.4547556813478
3,detector,camera,FITC,32,77.0,501.7074820782631,686.7194999671284
3,detector,camera,FITC,33,87.0,540.6973562832311,719.2691400011753
3,detector,camera,FITC,34,89.0,553.5589664844118,689.6941662772895
3,detector,camera,FITC,35,93.0,557.9653478810417,529.1751712116314
3,detector,camera,FITC,36,101.0,595.4983421581267,562.2607180704404
3,detector,camera,FITC,37,96.0,573.5067910572361,488.5384372036244
3,detector,camera,FITC,38,92.0,557.9971405811904,443.2047709015544
3,detector,camera,FITC,39,102.0,609.1982692263724,471.49826186845183
3,detector,camera,FITC,40,103.0,614.98653740781,481.8160696096844
3,detector,camera,FITC,41,97.0,579.5081932723614,348.9826690875214
3,detector,camera,FITC,42,114.0,704.520575291433,437.50674194409567
3,detector,camera,FITC,43,115.0,705.9628524247029,520.4955126989664
3,detector,camera,FITC,44,117.0,730.5449008450837,479.5226172706816
3,detector,camera,FITC,45,116.0,726.1975939078123,613.5404067372833
3,detector,camera,FITC,46,118.0,747.8673115572325,283.1121542342743
3,detector,camera,FITC,47,119.0,749.0150592822487,433.1731710507146
3,detector,camera,YFP,0,35.0,281.10268770123577,392.33423819866647
3,detector,camera,YFP,1,36.0,281.8855315948095,400.67396644593777
3,detector,camera,YFP,2,37.0,291.993332200582,604.1953082839299
3,detector,camera,YFP,3,38.0,298.71252474876843,560.1207909696824
3,detector,camera,YFP,4,40.0,303.7544173408209,616.3237081445099
3,detector,camera,YFP,5,46.0,325.2192772040231,416.5920075242984
3,detector,camera,YFP,6,43.0,322.9988885651442,467.03336175940086
3,detector,camera,YFP,7,48.0,342.0277730995598,579.7072051425704
3,detector,camera,YFP,8,49.0,348.8200940918937,657.156126268455
3,detector,camera,YFP,9,50.0,350.21654274807133,698.02070995864
3,detector,camera,YFP,10,57.0,371.3226435775426,300.8698612732017
3,detector,camera,YFP,11,58.0,372.5431341580366,327.5147676725736
3,detector,camera,YFP,12,59.0,382.2267455171498,433.0081699068384
3,detector,camera,YFP,13,61.0,397.6915740535256,451.26336950282086
3,detector,camera,YFP,14,65.0,417.5420446308615,267.7866526838355
3,detector,camera,YFP,15,67.0,423.9403483665041,327.0406933078813
3,detector,camera,YFP,16,64.0,415.6432999954747,380.109638460978
3,detector,camera,YFP,17,68.0,427.0626001852816,500.1970948168616
3,detector,camera,YFP,18,66.0,420.0024192952157,596.5018812075261
3,detector,camera,YFP,19,60.0,393.7960088704086,712.4875102762381
3,detector,camera,YFP,20,69.0,429.1189213159802,733.3696844163888
3,detector,camera,YFP,21,74.0,461.9495621970534,529.9722826817657
3,detector,camera,YFP,22,75.0,469.9718481614136,543.8071193573803
3,detector,camera,YFP,23,76.0,488.8153788675527,249.1974293465006
3,detector,camera,YFP,24,82.0,516.1501196663453,247.15657486382923
3,detector,camera,YFP,25,84.0,520.5075997070583,272.5065596881951
3,detector,camera,YFP,26,86.0,538.8309142355897,277.3384560449137
3,detector,camera,YFP,27,78.0,506.182892280353,389.1774605660126
3,detector,camera,YFP,28,80.0,509.0267487259322,514.05949753559
3,detector,camera,YFP,29,81.0,510.13642950055896,526.6582546384236
3,detector,camera,YFP,30,83.0,520.6216107633359,631.94973707005
3,detector,camera,YFP,31,79.0,505.95129787736806,652.2028379635007
3,detector,camera,YFP,32,77.0,501.1979873895452,686.5253813209139
3,detector,camera,YFP,33,87.0,540.0549433096033,718.9900999268606
3,detector,camera,YFP,34,89.0,553.1071060735464,689.641615330634
3,detector,camera,YFP,35,93.0,557.3239673561245,528.811346242584
3,detector,camera,YFP,36,101.0,595.1238396724216,561.9898984931036
3,detector,camera,YFP,37,96.0,573.1651938614365,488.5013232237262
3,detector,camera,YFP,38,92.0,557.6417835989796,442.9382785089691
3,detector,camera,YFP,39,102.0,608.8130937977727,471.1858594666491
3,detector,camera,YFP,40,103.0,614.5057776762719,481.5503637765824
3,detector,camera,YFP,41,97.0,579.0287479822514,348.6693760925456
3,detector,camera,YFP,42,114.0,704.1214901192282,437.3328272768712
3,detector,camera,YFP,43,115.0,705.0564858840227,520.1987110524414
3,detector,camera,YFP,44,117.0,730.254516363489,479.3438146371765
3,detector,camera,YFP,45,116.0,725.8157554962235,613.4943874793754
3,detector,camera,YFP,46,118.0,747.5124082260282,282.97018987266506
3,detector,camera,YFP,47,119.0,748.9109891791842,432.9715310156589
3,detector,camera,TRITC,0,37.0,280.7212119098085,392.0055173527561
3,detector,camera,TRITC,1,38.0,281.3241653860996,400.03632313754713
3,detector,camera,TRITC,2,39.0,291.62950461008967,603.5052264947622
3,detector,camera,TRITC,3,40.0,298.15387413822265,559.654405219029
3,detector,camera,TRITC,4,41.0,303.38829390696293,615.4118718388847
3,detector,camera,TRITC,5,48.0,324.5189078508578,416.0041112130593
3,detector,camera,TRITC,6,45.0,322.6070785031268,466.6242186791178
3,detector,camera,TRITC,7,50.0,341.71356707487166,578.9999156567011
3,detector,camera,TRITC,8,51.0,348.34328035505723,656.3950591973443
3,detector,camera,TRITC,9,52.0,349.8733337773216,697.3316540203548
3,detector,camera,TRITC,10,59.0,370.96860969602943,300.7034795370176
3,detector,camera,TRITC,11,60.0,372.1007290072858,327.27565084541345
3,detector,camera,TRITC,12,61.0,381.736113581526,432.3430409456941
3,detector,camera,TRITC,13,63.0,397.1373313550728,450.8783738180491
3,detector,camera,TRITC,14,66.0,417.19483955262285,267.4165545802085
3,detector,camera,TRITC,15,68.0,423.2472140349864,326.9907698290516
3,detector,camera,TRITC,16,65.0,415.1432674549149,379.8810457715255
3,detector,camera,TRITC,17,69.0,426.6378584503708,499.75347188533607
3,detector,camera,TRITC,18,67.0,419.5018350717834,595.9573661298681
3,detector,camera,TRITC,19,62.0,393.12897253825537,711.6716844172935
3,detector,camera,TRITC,20,70.0,428.6994617847057,732.9500657056349
3,detector,camera,TRITC,21,74.0,461.2938360751436,529.0425759932191
3,detector,camera,TRITC,22,76.0,469.1568151008859,542.9125538196907
3,detector,camera,TRITC,23,77.0,488.0184157275535,249.02701348515276
3,detector,camera,TRITC,24,83.0,515.5096241213198,247.0
3,detector,camera,TRITC,25,85.0,520.0,272.49816933619803
3,detector,camera,TRITC,26,87.0,538.1687608629501,277.1776205112468
3,detector,camera,TRITC,27,80.0,505.7088661302016,389.00709301398615
3,detector,camera,TRITC,28,81.0,508.58869548107975,513.7857676539865
3,detector,camera,TRITC,29,82.0,509.69700809255016,525.998723697911
3,detector,camera,TRITC,30,84.0,519.8845858714825,631.316387478126
3,detector,camera,TRITC,31,79.0,505.1064099057574,651.382271671977
3,detector,camera,TRITC,32,78.0,500.6924188093004,685.9754249891644
3,detector,camera,TRITC,33,88.0,539.3635488719401,717.9207226672427
3,detector,camera,TRITC,34,90.0,552.4611778246892,688.7096443760063
3,detector,camera,TRITC,35,94.0,556.5615352477457,528.1776113997446
3,detector,camera,TRITC,36,101.0,594.3599030919761,561.3610918062152
3,detector,camera,TRITC,37,96.0,572.3330366334985,487.8895612016285
3,detector,camera,TRITC,38,93.0,556.7337962001184,442.2376410705259
3,detector,camera,TRITC,39,102.0,608.0057810389616,470.52514315889954
3,detector,camera,TRITC,40,103.0,613.6491947615854,480.98252338810863
3,detector,camera,TRITC,41,97.0,578.1784670259032,348.0011973954228
3,detector,camera,TRITC,42,114.0,703.1508701900736,436.7007466646433
3,detector,camera,TRITC,43,115.0,704.291181969963,519.4211454710252
3,detector,camera,TRITC,44,117.0,729.1389345883495,478.6683775697846
3,detector,camera,TRITC,45,116.0,724.8910933089248,612.3717024105957
3,detector,camera,TRITC,46,118.0,746.5058214214124,282.4980323455458
3,detector,camera,TRITC,47,119.0,747.5222538910889,432.00038597439726
2,detector,camera,CFP,0,,300.71697149463165,297.30049936414736
2,detector,camera,CFP,1,,346.7609299451264,270.6143924120574
2,detector,camera,CFP,2,,353.13240374038014,278.4829452255012
2,detector,camera,CFP,3,,327.1123333051671,315.9477547080444
2,detector,camera,CFP,4,,338.09510797537513,315.39202076714025
2,detector,camera,CFP,5,,354.2019524527641,320.27542125799846
2,detector,camera,CFP,6,,362.55604483597546,324.07293190009125
2,detector,camera,CFP,7,,358.83341963358725,387.10794129313524
2,detector,camera,CFP,8,,272.28389801871094,492.5228357073232
2,detector,camera,CFP,9,,277.1275027806794,581.0257264546209
2,detector,camera,CFP,10,,285.39707972019295,645.377641657348
2,detector,camera,CFP,11,,267.6318997280245,657.5422224214557
2,detector,camera,CFP,12,,316.14502204517134,495.1900966968876
2,detector,camera,CFP,13,,319.4055732074115,498.11191839798755
2,detector,camera,CFP,14,,323.2439102380437,499.8857859877796
2,detector,camera,CFP,15,,326.79680704236415,539.4710083764082
2,detector,camera,CFP,16,,346.3082782316975,620.3427905924746
2,detector,camera,CFP,17,,367.80441536407125,554.9346979991916
2,detector,camera,CFP,18,,385.1659615012402,491.6042031922099
2,detector,camera,CFP,19,,402.6647889917476,529.7472934111704
2,detector,camera,CFP,20,,416.05007108910377,620.6507624297712
2,detector,camera,CFP,21,,418.6056820911915,712.0195185029673
2,detector,camera,CFP,22,,427.019292655238,717.3595197608004
2,detector,camera,CFP,23,,448.7274277010214,284.51732219084306
2,detector,camera,CFP,24,,456.3361332187949,262.6386890442666
2,detector,camera,CFP,25,,488.3757529627971,285.1130130598524
2,detector,camera,CFP,26,,481.77108815799954,329.0249544963161
2,detector,camera,CFP,27,,465.1732781127562,441.5181437381119
2,detector,camera,CFP,28,,457.5088326300323,504.8107779478122
2,detector,camera,CFP,29,,526.7227427659908,289.2439761689094
2,detector,camera,CFP,30,,575.9781770973715,302.2866247678587
2,detector,camera,CFP,31,,577.3548089483045,336.5478130506353
2,detector,camera,CFP,32,,583.7950308068788,338.59122931907007
2,detector,camera,CFP,33,,600.5119880696114,502.4690903817495
2,detector,camera,CFP,34,,569.3396007545011,704.6987443313411
2,detector,camera,CFP,35,,584.6288594132579,749.4976373449683
2,detector,camera,CFP,36,,636.6399678422488,361.25635006914627
2,detector,camera,CFP,37,,651.7145726875364,363.62413192873953
2,detector,camera,CFP,38,,694.0424024277029,378.62350184911526
2,detector,camera,CFP,39,,712.838463399804,364.24954687160874
2,detector,camera,CFP,40,,720.7442079785774,370.5460079205071
2,detector,camera,CFP,41,,699.1709538592721,585.0849778184638
2,detector,camera,CFP,42,,707.3789606866301,587.0104647322081
2,detector,camera,CFP,43,,712.8650633336196,588.2762805848165
2,detector,camera,CFP,44,,727.2460869759043,653.1218193911845
2,color,camera,CFP,0,,300.5167052213388,298.4683111114061
2,color,camera,CFP,1,,346.5435355780901,271.7922823478666
2,color,camera,CFP,2,,353.07188890553374,279.4807209918202
2,color,camera,CFP,3,,326.81516433818865,317.1529458254632
2,color,camera,CFP,4,,337.88908609781845,316.41329297360693
2,color,camera,CFP,5,,354.12733819530644,321.4164534629421
2,color,camera,CFP,6,,362.209207205821,325.11397073324
2,color,camera,CFP,7,,358.48022898504615,388.32604168347353
2,color,camera,CFP,8,,272.1760255223365,493.65918971467516
2,color,camera,CFP,9,,276.9122179640426,582.2374821804812
2,color,camera,CFP,10,,285.2139452792815,646.3746523688322
2,color,camera,CFP,11,,315.90995522210795,496.36247981575207
2,color,camera,CFP,12,,319.25021172139816,499.15832090108444
2,color,camera,CFP,13,,322.9650289186009,500.9482275235332
2,color,camera,CFP,14,,326.55669515255175,540.4667652865751
2,color,camera,CFP,15,,346.15768536085744,621.4553817920536
2,color,camera,CFP,16,,367.4409959530013,555.9922035253301
2,color,camera,CFP,17,,384.83417224244926,492.76854317126214
2,color,camera,CFP,18,,418.32840851851773,713.2300714360193
2,color,camera,CFP,19,,426.7756231314761,718.3019712883114
2,color,camera,CFP,20,,456.1549306251104,263.80523158431225
2,color,camera,CFP,21,,488.14771495905603,286.31483538295777
2,color,camera,CFP,22,,481.4225360951402,330.29317615564645
2,color,camera,CFP,23,,464.92327672010515,442.59660036369223
2,color,camera,CFP,24,,457.4689919045313,505.83208642283944
2,color,camera,CFP,25,,526.4412265546788,290.36824664484953
2,color,camera,CFP,26,,511.2125631404072,573.3888037483172
2,color,camera,CFP,27,,575.6759669695938,303.2904043201548
2,color,camera,CFP,28,,577.0728441027468,337.8173348160442
2,color,camera,CFP,29,,583.5551492479564,339.8304559749416
2,color,camera,CFP,30,,600.3242905108771,503.51544885750235
2,color,camera,CFP,31,,636.3399029482665,362.4686369397323
2,color,camera,CFP,32,,651.4944036602319,364.5382359441428
2,color,camera,CFP,33,,693.7191190278704,379.9053382581683
2,color,camera,CFP,34,,712.6268106783392,365.22270194081426
2,color,camera,CFP,35,,720.4564685911545,371.7418576393158
2,color,camera,CFP,36,,698.8987813517721,586.2752049278397
2,color,camera,CFP,37,,707.1330086043239,588.2508621302104
2,color,camera,CFP,38,,712.6676872013604,589.4334142087818
2,color,camera,YFP,0,,300.5167052213388,298.4683111114061
2,color,camera,YFP,1,,346.5435355780901,271.7922823478666
2,color,camera,YFP,2,,353.07188890553374,279.4807209918202
2,color,camera,YFP,3,,326.81516433818865,317.1529458254632
2,color,camera,YFP,4,,337.88908609781845,316.41329297360693
2,color,camera,YFP,5,,354.12733819530644,321.4164534629421
2,color,camera,YFP,6,,362.209207205821,325.11397073324
2,color,camera,YFP,7,,358.48022898504615,388.32604168347353
2,color,camera,YFP,8,,272.1760255223365,493.65918971467516
2,color,camera,YFP,9,,276.9122179640426,582.2374821804812
2,color,camera,YFP,10,,285.2139452792815,646.3746523688322
2,color,camera,YFP,11,,315.90995522210795,496.36247981575207
2,color,camera,YFP,12,,319.25021172139816,499.15832090108444
2,color,camera,YFP,13,,322.9650289186009,500.9482275235332
2,color,camera,YFP,14,,326.55669515255175,540.4667652865751
2,color,camera,YFP,15,,346.15768536085744,621.4553817920536
2,color,camera,YFP,16,,367.4409959530013,555.9922035253301
2,color,camera,YFP,17,,384.83417224244926,492.76854317126214
2,color,camera,YFP,18,,418.32840851851773,713.2300714360193
2,color,camera,YFP,19,,426.7756231314761,718.3019712883114
2,color,camera,YFP,20,,456.1549306251104,263.80523158431225
2,color,camera,YFP,21,,488.14771495905603,286.31483538295777
2,color,camera,YFP,22,,481.4225360951402,330.29317615564645
2,color,camera,YFP,23,,464.92327672010515,442.59660036369223
2,color,camera,YFP,24,,457.4689919045313,505.83208642283944
2,color,camera,YFP,25,,526.4412265546788,290.36824664484953
2,color,camera,YFP,26,,511.2125631404072,573.3888037483172
2,color,camera,YFP,27,,575.6759669695938,303.2904043201548
2,color,camera,YFP,28,,577.0728441027468,337.8173348160442
2,color,camera,YFP,29,,583.5551492479564,339.8304559749416
2,color,camera,YFP,30,,600.3242905108771,503.51544885750235
2,color,camera,YFP,31,,636.3399029482665,362.4686369397323
2,color,camera,YFP,32,,651.4944036602319,364.5382359441428
2,color,camera,YFP,33,,693.7191190278704,379.9053382581683
2,color,camera,YFP,34,,712.6268106783392,365.22270194081426
2,color,camera,YFP,35,,720.4564685911545,371.7418576393158
2,color,camera,YFP,36,,698.8987813517721,586.2752049278397
2,color,camera,YFP,37,,707.1330086043239,588.2508621302104
2,color,camera,YFP,38,,712.6676872013604,589.4334142087818
3,detector,camera,CFP,0,,281.14134335812446,392.55361301556377
3,detector,camera,CFP,1,,282.0650839798427,400.79134841316727
3,detector,camera,CFP,2,,292.1265023710345,604.4332953745799
3,detector,camera,CFP,3,,298.77141458218074,560.3741450336004
3,detector,camera,CFP,4,,303.96228867099165,616.3783641057132
3,detector,camera,CFP,5,,325.30446142164504,416.7049670128587
3,detector,camera,CFP,6,,323.0946770934786,467.3223991377033
3,detector,camera,CFP,7,,342.1940348722044,579.7459859404784
3,detector,camera,CFP,8,,348.82919358815894,657.2615849343007
3,detector,camera,CFP,9,,350.3695613589489,698.1754345637876
3,detector,camera,CFP,10,,371.332249653098,301.1275917965438
3,detector,camera,CFP,11,,372.61909529554526,327.82840359914064
3,detector,camera,CFP,12,,382.31481463708826,433.16747918211485
3,detector,camera,CFP,13,,397.69272504827416,451.454370074548
3,detector,camera,CFP,14,,417.6439988120112,267.9235952893132
3,detector,camera,CFP,15,,423.80131710266613,327.40095397472385
3,detector,camera,CFP,16,,415.69913135662796,380.39072420753996
3,detector,camera,CFP,17,,427.26131355207565,500.47209414477646
3,detector,camera,CFP,18,,420.0466943624946,596.7518697317524
3,detector,camera,CFP,19,,393.7473022260456,712.5063417625958
3,detector,camera,CFP,20,,429.27253706191084,733.5319163141319
3,detector,camera,CFP,21,,461.90998895252324,529.988452103564
3,detector,camera,CFP,22,,469.86927796415137,543.8598520159184
3,detector,camera,CFP,23,,488.6305719010784,249.49460062767213
3,detector,camera,CFP,24,,516.2257519217931,247.4724807105191
3,detector,camera,CFP,25,,520.4227767169762,272.92901608772075
3,detector,camera,CFP,26,,538.6005396983558,277.6460441430088
3,detector,camera,CFP,27,,506.31744410449204,389.5328723415377
3,detector,camera,CFP,28,,509.15485940111,514.4033693416512
3,detector,camera,CFP,29,,510.2727019056264,526.6872027675163
3,detector,camera,CFP,30,,520.5559123438308,632.1459961101368
3,detector,camera,CFP,31,,505.8844917025081,652.3733197600003
3,detector,camera,CFP,32,,501.2190153700657,686.7193103521776
3,detector,camera,CFP,33,,540.0985650211031,719.0014921862214
3,detector,camera,CFP,34,,553.1001361239197,689.7177005556964
3,detector,camera,CFP,35,,557.3188169589566,529.0157012544435
3,detector,camera,CFP,36,,595.0204212163667,562.1703082564409
3,detector,camera,CFP,37,,573.0288524096057,488.5573186008254
3,detector,camera,CFP,38,,557.5016633267056,443.0953828981037
3,detector,camera,CFP,39,,608.7242510817294,471.25139667869047
3,detector,camera,CFP,40,,614.4326188573871,481.7593040391754
3,detector,camera,CFP,41,,579.0218215345737,348.7646489893925
3,detector,camera,CFP,42,,703.9090292931023,437.4140068603647
3,detector,camera,CFP,43,,705.112379968939,520.277644184729
3,detector,camera,CFP,44,,730.0806425027102,479.4782534644385
3,detector,camera,CFP,45,,725.6274946570973,613.5257512529639
3,detector,camera,CFP,46,,747.4222502389189,283.0583954691337
3,detector,camera,CFP,47,,748.5099932165804,433.00659840374294
